"Id","LotArea","OverallQual","MSZoning","Foundation","GarageArea","SalePrice"
1461,11622,5,"RH","CBlock",730,158077.538869193
1462,14267,6,"RL","CBlock",312,163580.33936231
1463,13830,5,"RL","PConc",482,156810.436469356
1464,9978,6,"RL","PConc",470,175710.22463553
1465,5005,8,"RL","PConc",506,224484.972502372
1466,10000,6,"RL","PConc",440,173769.179983683
1467,7980,6,"RL","PConc",420,166771.068516078
1468,8402,6,"RL","PConc",393,166330.513950293
1469,10176,7,"RL","PConc",506,211090.663887501
1470,8400,4,"RL","CBlock",525,117479.564937604
1471,5858,7,"RH","PConc",511,195575.029939122
1472,1680,6,"RM","CBlock",264,107762.496469879
1473,1680,5,"RM","CBlock",320,93173.3307151732
1474,2280,6,"RL","CBlock",440,130842.050985156
1475,2280,7,"RL","CBlock",308,147008.449176154
1476,12858,9,"RL","PConc",751,334961.037693653
1477,12883,8,"RL","PConc",868,296511.409449476
1478,11520,9,"RL","PConc",730,326916.549415155
1479,14122,8,"RL","PConc",678,279580.051759008
1480,14300,9,"RL","PConc",958,368223.043315739
1481,13650,8,"RL","PConc",756,286567.973185628
1482,7132,8,"RL","PConc",484,234621.586190248
1483,18494,6,"RL","PConc",430,189644.623183768
1484,3203,7,"RL","PConc",437,173202.767937703
1485,13300,7,"RL","PConc",400,210947.82908231
1486,8577,7,"RL","PConc",433,200155.844439094
1487,17433,8,"RL","PConc",962,321435.05977944
1488,8987,8,"RL","PConc",880,282371.104964363
1489,9215,7,"FV","PConc",676,220744.553116033
1490,10440,6,"FV","PConc",528,179881.676487138
1491,11920,7,"RL","PConc",484,214299.428763804
1492,9800,5,"RH","BrkTil",429,129600.952824476
1493,15410,6,"RL","CBlock",461,175131.006349763
1494,13143,8,"RL","PConc",762,285615.473465061
1495,11134,8,"RL","PConc",713,273514.376818287
1496,4835,7,"FV","PConc",506,188012.123688661
1497,3515,7,"FV","PConc",588,185017.676650577
1498,3215,7,"FV","PConc",480,175220.859579585
1499,2544,7,"FV","PConc",480,169239.013148941
1500,2544,6,"FV","PConc",480,143236.664378492
1501,2980,6,"FV","PConc",440,144419.706913603
1502,2403,7,"FV","PConc",496,168839.726622642
1503,12853,8,"FV","PConc",852,293031.483199261
1504,7379,8,"FV","PConc",592,244406.147421264
1505,8000,7,"FV","PConc",596,209669.458737813
1506,10456,6,"RL","CBlock",535,170066.830032835
1507,10791,6,"RL","PConc",660,191116.188373142
1508,18837,6,"RL","PConc",678,209015.643054938
1509,9600,6,"RL","CBlock",441,162014.767336254
1510,9600,5,"RL","CBlock",490,139707.523898558
1511,9900,5,"RL","PConc",504,150478.129146812
1512,9680,5,"RL","CBlock",517,141326.688113575
1513,10600,6,"RL","CBlock",480,166876.945072049
1514,13260,5,"RL","CBlock",0,121595.976995255
1515,9724,5,"RL","CBlock",400,135253.406431952
1516,17360,6,"RL","CBlock",470,178867.468878532
1517,11380,6,"RL","CBlock",315,158364.492126591
1518,8267,5,"RL","CBlock",576,141196.090494927
1519,8197,7,"RL","PConc",620,213503.036761435
1520,8050,5,"RL","CBlock",308,126982.449817329
1521,10725,5,"RL","CBlock",312,132707.282998612
1522,10032,6,"RL","CBlock",440,163014.268106618
1523,8382,4,"RL","CBlock",263,106280.235041846
1524,10950,5,"RL","CBlock",318,133421.541599723
1525,10895,5,"RL","CBlock",305,132662.882625827
1526,13587,5,"RL","CBlock",264,134955.871781847
1527,7898,4,"RL","BrkTil",676,116289.928384421
1528,8064,6,"RL","CBlock",280,148479.614839103
1529,7635,5,"RL","CBlock",484,134731.121670066
1530,9760,6,"RL","CBlock",440,162350.731709958
1531,4800,4,"RM","PConc",240,95325.3190960447
1532,4485,5,"RM","PConc",0,101753.807303835
1533,5805,5,"RM","CBlock",551,122302.504637553
1534,6900,6,"RM","PConc",240,140438.883980687
1535,11851,5,"RM","BrkTil",240,113893.429501207
1536,8239,5,"RM","BrkTil",315,111041.984154143
1537,9656,2,"RM","BrkTil",780,82290.8781082389
1538,9600,8,"RM","BrkTil",288,185442.259920953
1539,9000,8,"RM","Stone",624,222514.500847287
1540,9045,5,"RM","BrkTil",0,99851.9630956594
1541,10560,6,"RM","CBlock",624,162377.361868246
1542,5830,5,"RM","CBlock",363,113917.564267979
1543,7793,7,"RL","BrkTil",315,166823.949607998
1544,5000,4,"RM","BrkTil",200,83525.3992003744
1545,6000,6,"RM","BrkTil",240,121641.565423834
1546,6000,6,"RM","CBlock",576,146605.180385877
1547,6360,5,"RM","CBlock",240,110112.456339942
1548,6000,6,"RM","CBlock",312,132570.42596162
1549,6240,5,"RM","CBlock",624,127109.043438323
1550,6240,5,"RM","BrkTil",480,113473.09242153
1551,6120,6,"RM","BrkTil",288,124252.195136234
1552,8094,4,"RM","CBlock",572,109619.121286493
1553,12900,6,"RM","PConc",0,140630.563174382
1554,3068,6,"RM","BrkTil",180,107628.141008488
1555,15263,5,"RL","CBlock",365,142694.487249302
1556,10632,5,"RL","BrkTil",180,118860.196472174
1557,9900,5,"RL","BrkTil",0,109810.093228942
1558,6001,6,"RL","CBlock",231,139480.551754974
1559,6449,4,"C (all)","CBlock",0,74366.7209028121
1560,6048,5,"RH","BrkTil",450,121613.299794921
1561,10773,4,"RL","CBlock",0,99790.14155336
1562,7800,5,"RL","CBlock",416,131700.980999193
1563,7832,5,"RL","CBlock",280,125123.635494874
1564,7424,5,"RL","CBlock",591,139757.380187614
1565,11227,5,"RL","CBlock",480,142447.033560143
1566,20062,7,"RL","CBlock",690,234811.144053369
1567,9259,4,"RL","BrkTil",440,108822.839406483
1568,17082,6,"RL","PConc",522,194111.899392011
1569,18600,3,"RL","CBlock",480,109975.002640048
1570,11479,6,"RL","CBlock",467,168026.640362561
1571,9350,4,"RL","CBlock",209,105817.191422424
1572,9525,5,"RL","CBlock",366,133102.84929809
1573,17485,7,"RL","PConc",572,234573.063808015
1574,11200,5,"RL","CBlock",504,143704.779825354
1575,11980,7,"RL","CBlock",528,204491.533708005
1576,12361,6,"RL","PConc",1017,223433.799621379
1577,7360,7,"RL","PConc",615,209717.834322884
1578,14235,6,"RL","PConc",484,186214.017647196
1579,11105,5,"RL","PConc",580,157563.769447601
1580,9337,7,"RL","PConc",513,208969.414502772
1581,15240,5,"RL","CBlock",308,139596.397302265
1582,7480,5,"RL","CBlock",484,134321.706481208
1583,10389,8,"RL","PConc",850,285230.635288528
1584,9375,7,"RL","PConc",621,217882.73917924
1585,4435,6,"RM","PConc",420,140864.469338984
1586,8777,3,"RL","CBlock",240,89777.2392930951
1587,8842,5,"RL","CBlock",319,129304.009889011
1588,10044,5,"RL","CBlock",336,132629.511468921
1589,11792,4,"RL","CBlock",480,121442.649481521
1590,6305,6,"RL","CBlock",352,147139.267311751
1591,6410,4,"RL","CBlock",0,92391.1025627353
1592,4853,5,"RL","BrkTil",260,109078.533116434
1593,7890,6,"RL","CBlock",399,154867.54668081
1594,7200,4,"RH","Slab",0,86883.9124551217
1595,9839,5,"RL","PConc",0,124063.127366708
1596,10452,7,"RL","BrkTil",312,174052.390888507
1597,15600,5,"RL","CBlock",484,149800.713612261
1598,19645,7,"RL","PConc",473,229824.258718301
1599,3907,8,"RM","CBlock",598,193659.415993415
1600,3907,8,"RM","CBlock",531,188776.274577597
1601,8154,2,"RM","BrkTil",200,64334.3502071441
1602,9140,6,"RM","BrkTil",625,149947.40478844
1603,8712,4,"C (all)","CBlock",330,88183.9880152719
1604,3811,8,"RM","PConc",525,200126.212493512
1605,11050,8,"RL","PConc",741,276138.69204396
1606,9620,6,"RL","CBlock",473,164053.692430716
1607,12760,6,"RL","CBlock",776,192020.627048114
1608,11896,7,"RL","PConc",660,229100.608439878
1609,9803,7,"RL","PConc",520,211047.436117443
1610,9802,5,"RL","PConc",400,144416.258075968
1611,15300,5,"RL","CBlock",528,151895.990442262
1612,10114,5,"RL","PConc",624,158021.575618003
1613,11875,5,"RL","PConc",686,165700.516170792
1614,2394,5,"RM","CBlock",253,95724.7245050616
1615,1476,4,"RM","CBlock",0,68474.6480676094
1616,1900,4,"RM","CBlock",0,71089.0492582031
1617,1890,4,"RM","CBlock",286,79214.9574096625
1618,6953,5,"RL","CBlock",352,126353.340452829
1619,12887,5,"RL","CBlock",495,146225.451228829
1620,7700,5,"RL","PConc",616,151292.911956296
1621,10475,5,"RL","PConc",576,155966.204018316
1622,10544,5,"RL","CBlock",275,130518.754417391
1623,9892,8,"RL","PConc",482,246103.763332218
1624,12961,6,"RL","PConc",616,193117.507827209
1625,13008,6,"RL","CBlock",502,173472.3595392
1626,10200,6,"RL","CBlock",528,168990.938247745
1627,10179,6,"RL","PConc",470,176230.99027617
1628,11792,8,"RL","PConc",632,267467.818503105
1629,8400,7,"RL","PConc",390,196293.650652953
1630,7296,8,"RL","PConc",564,242703.628592761
1631,7380,8,"RL","PConc",495,236805.442706165
1632,8013,8,"RL","PConc",528,242749.076877795
1633,8923,7,"RL","PConc",396,198514.325786988
1634,7500,6,"RL","PConc",440,166507.501703819
1635,8803,6,"RL","PConc",409,168509.761840623
1636,7250,6,"RL","PConc",430,165041.704604209
1637,11900,5,"RL","PConc",567,158401.788099912
1638,13250,7,"RL","CBlock",529,207651.00153834
1639,10928,6,"RL","PConc",484,179050.427370797
1640,12388,7,"RL","CBlock",441,198806.909917562
1641,11088,6,"RL","PConc",479,179095.36253796
1642,7000,7,"FV","PConc",581,204384.037244519
1643,7500,8,"FV","PConc",588,244623.465145311
1644,8470,8,"FV","PConc",565,246904.304783869
1645,9373,5,"RL","CBlock",478,138577.017379229
1646,10140,6,"RL","CBlock",528,168843.063898872
1647,11050,7,"RL","CBlock",506,200366.893394649
1648,7830,5,"RL","CBlock",477,134875.899614023
1649,8510,5,"RL","CBlock",336,129407.632464486
1650,7038,4,"RL","CBlock",576,116682.17622611
1651,9000,4,"RL","CBlock",576,121018.27598984
1652,1680,6,"RM","CBlock",264,107762.496469879
1653,1680,6,"RM","CBlock",288,108752.841592453
1654,2308,6,"RL","CBlock",440,131079.242230396
1655,2280,7,"RL","CBlock",440,154594.353919039
1656,2349,6,"RL","CBlock",440,131422.174376782
1657,2364,6,"RL","CBlock",440,131546.364483476
1658,2364,6,"RL","CBlock",440,131546.364483476
1659,2104,7,"RL","CBlock",345,147329.696581933
1660,10710,5,"RL","PConc",656,161325.671658371
1661,14257,9,"RL","PConc",754,340523.157679947
1662,12350,9,"RL","PConc",864,347618.334001139
1663,12350,9,"RL","PConc",896,351884.361720515
1664,13693,10,"RL","PConc",762,401158.641393453
1665,11578,9,"RL","PConc",834,340389.961406994
1666,16870,8,"RL","PConc",932,316236.14755546
1667,23303,8,"RL","PConc",640,296818.899226766
1668,10367,9,"RL","PConc",927,346938.467331923
1669,10872,9,"RL","PConc",700,320434.938172757
1670,13514,9,"RL","PConc",850,350420.456109733
1671,12878,7,"RL","PConc",583,225108.085814063
1672,15274,9,"RL","PConc",886,361774.815494745
1673,13262,8,"RL","PConc",730,282530.470020483
1674,9658,8,"RL","PConc",871,284426.941802963
1675,6904,6,"RL","PConc",484,167255.963470425
1676,5122,6,"RL","PConc",624,168778.677398636
1677,10307,7,"RL","PConc",484,209725.596450938
1678,14836,10,"RL","PConc",949,435952.008469152
1679,15262,8,"RL","PConc",685,283574.892644285
1680,7390,9,"RL","PConc",649,296768.941642661
1681,6472,9,"RL","PConc",539,279036.610971901
1682,16770,8,"RL","PConc",701,289326.722705262
1683,3480,7,"RL","PConc",478,178109.518271769
1684,10928,7,"RL","PConc",390,204108.386704406
1685,8918,6,"RL","PConc",392,167744.112285951
1686,3182,7,"RL","PConc",397,170415.58644766
1687,9434,7,"RL","PConc",400,200466.905224737
1688,7984,7,"RL","PConc",436,198265.859474371
1689,10125,7,"RL","PConc",434,205223.142144832
1690,8965,7,"RL","PConc",400,198955.811659942
1691,8174,7,"RL","PConc",393,195724.554292904
1692,12891,8,"RL","PConc",644,272270.359532499
1693,9734,7,"RL","PConc",400,201400.266163094
1694,8433,6,"RL","PConc",394,166484.880661305
1695,7750,7,"RL","PConc",400,194702.501718256
1696,15896,7,"RL","PConc",658,238987.288114729
1697,7848,7,"RL","PConc",410,195810.831751109
1698,12720,8,"RL","PConc",810,289480.634919276
1699,10750,8,"RL","PConc",815,282880.814996312
1700,9085,7,"RL","PConc",647,219029.178113907
1701,11692,8,"RL","PConc",623,266215.19983368
1702,11194,8,"RL","PConc",972,302135.296351883
1703,10206,8,"RL","PConc",726,271346.299263149
1704,10130,8,"RL","PConc",844,283514.970985108
1705,9139,8,"RL","PConc",492,244158.248476387
1706,11128,9,"RL","PConc",795,333400.326245019
1707,7993,7,"FV","PConc",529,204356.076335295
1708,8640,7,"FV","PConc",625,214434.868649506
1709,12606,9,"FV","PConc",984,363045.816255039
1710,7500,8,"FV","PConc",692,254515.546338363
1711,10603,8,"FV","PConc",782,277284.20205691
1712,8125,8,"FV","PConc",517,240936.665959953
1713,10625,7,"FV","PConc",711,228485.710992603
1714,8736,7,"FV","PConc",588,211778.803510957
1715,8127,7,"FV","PConc",628,212739.167725792
1716,9605,7,"RL","PConc",576,214948.99333169
1717,7500,7,"RL","PConc",484,200061.659791581
1718,7500,6,"RL","PConc",0,140797.852155896
1719,10628,7,"RL","PConc",478,210200.897646376
1720,10141,8,"RL","PConc",845,283668.737745293
1721,13072,7,"RL","PConc",576,225006.913978967
1722,13072,5,"RL","PConc",0,129405.287951502
1723,12450,5,"RL","PConc",576,160015.332378781
1724,7328,7,"RL","PConc",788,223868.535109507
1725,11492,7,"RL","PConc",559,219320.943657839
1726,7703,6,"RL","PConc",528,172871.107731816
1727,7175,6,"RL","PConc",542,171974.520224422
1728,9109,7,"RL","PConc",495,206780.62680261
1729,10274,6,"RL","CBlock",465,165158.225584213
1730,8250,6,"RL","Slab",612,155708.388853689
1731,9750,5,"RL","CBlock",400,135307.007154276
1732,8499,5,"RL","CBlock",732,150463.284234096
1733,9079,5,"RL","CBlock",440,135939.900184902
1734,9316,5,"RL","CBlock",288,128779.117258161
1735,7791,5,"RL","CBlock",300,125982.993697083
1736,7150,5,"RL","CBlock",252,122133.036718839
1737,15676,8,"RL","CBlock",864,285805.95787754
1738,11949,7,"RL","PConc",524,217670.322187291
1739,2880,7,"FV","PConc",704,187748.205181566
1740,3830,6,"FV","PConc",561,156974.150291515
1741,4217,6,"FV","PConc",641,164162.725068149
1742,2998,6,"FV","PConc",440,144548.815869592
1743,3768,7,"FV","PConc",506,181183.220268429
1744,14694,8,"RL","CBlock",642,260107.227599684
1745,15417,7,"RL","CBlock",540,213263.379222169
1746,9600,8,"RL","CBlock",527,233713.417766453
1747,12732,7,"RL","CBlock",784,227497.656331322
1748,10400,6,"RL","PConc",515,179852.202915274
1749,9600,5,"RL","CBlock",502,140348.0168354
1750,9000,6,"RL","CBlock",336,154174.957429597
1751,13774,7,"RL","PConc",520,221971.185431991
1752,7130,5,"RL","PConc",312,133210.386402602
1753,9600,5,"RL","CBlock",440,137070.114527102
1754,9600,7,"RL","CBlock",498,195630.556133525
1755,16500,6,"RL","CBlock",495,179223.789801357
1756,7436,4,"RL","CBlock",396,109837.886469223
1757,8125,5,"RL","CBlock",308,127157.305833522
1758,9450,4,"RL","CBlock",768,131153.195768132
1759,13495,5,"RL","CBlock",576,151845.719388151
1760,9350,5,"RL","CBlock",610,145674.727776775
1761,10500,5,"RL","CBlock",520,143205.875738024
1762,8970,5,"RL","CBlock",549,141453.106418453
1763,11475,6,"RL","CBlock",368,161795.778067862
1764,9768,5,"RL","CBlock",330,131780.551657857
1765,9900,6,"RL","CBlock",550,169660.798583046
1766,10573,6,"RL","CBlock",530,170023.520834442
1767,14695,6,"RL","CBlock",542,179353.639941198
1768,8760,5,"RL","CBlock",286,127511.318690294
1769,12285,7,"RL","CBlock",441,198560.760837256
1770,9240,6,"RL","CBlock",297,152494.336390677
1771,8750,5,"RL","CBlock",304,128367.433357657
1772,8750,5,"RL","CBlock",350,130638.058090666
1773,10400,4,"RL","CBlock",294,111041.608208956
1774,9482,5,"RL","PConc",495,149005.913226652
1775,8128,6,"RL","CBlock",297,149620.2749376
1776,13070,5,"RL","CBlock",480,145696.303713593
1777,8480,5,"RL","CBlock",240,124692.529610174
1778,7626,5,"RL","CBlock",230,122276.966496824
1779,9533,5,"RL","Slab",616,134847.471426987
1780,11419,7,"RL","CBlock",410,194111.339498773
1781,9600,5,"RL","CBlock",246,127299.863665591
1782,5470,3,"RL","CBlock",366,87811.6866134976
1783,10800,5,"RL","BrkTil",720,146365.451108261
1784,8146,4,"RL","BrkTil",281,100495.367587858
1785,10230,5,"RL","BrkTil",264,122027.575553855
1786,10410,4,"RL","BrkTil",528,114508.674522739
1787,7200,7,"RL","PConc",624,209753.324302219
1788,5400,2,"RL","PConc",0,68808.3700676193
1789,10800,5,"RL","BrkTil",576,138548.158690721
1790,10800,3,"RL","BrkTil",320,90018.1007634625
1791,9671,6,"RL","CBlock",907,193718.580811398
1792,10143,6,"RL","CBlock",364,158618.435601961
1793,11500,6,"RL","CBlock",480,168907.118949209
1794,8010,6,"RL","CBlock",480,160081.787830997
1795,10454,6,"RL","CBlock",308,155965.886807576
1796,9000,6,"RL","CBlock",384,157021.736628974
1797,8064,6,"RL","CBlock",900,188062.358677814
1798,7350,5,"RL","CBlock",294,124613.09671563
1799,7200,5,"RL","CBlock",240,121701.449020778
1800,8000,5,"RL","CBlock",288,125901.638303146
1801,10800,4,"RL","CBlock",384,115562.375129534
1802,8064,6,"RL","CBlock",576,166213.689564521
1803,7570,6,"RL","CBlock",483,158927.003669082
1804,8604,5,"RL","CBlock",564,141387.501630574
1805,7936,6,"RL","CBlock",264,147226.871697694
1806,4080,6,"RM","PConc",162,126100.138688983
1807,10307,6,"RM","CBlock",324,144311.39723654
1808,15660,5,"RM","CBlock",472,137502.229532515
1809,9900,5,"RM","CBlock",0,107305.742799931
1810,6406,5,"RM","BrkTil",400,110494.735784279
1811,7627,4,"RM","BrkTil",0,82398.9635066933
1812,10134,5,"RM","BrkTil",0,101550.644961168
1813,6000,5,"RM","CBlock",308,112030.997978156
1814,7404,4,"RM","BrkTil",288,91555.6404266758
1815,5925,2,"RM","BrkTil",308,63935.6372121677
1816,8520,5,"RM","PConc",287,124856.764264733
1817,9600,4,"RM","BrkTil",720,112185.575788452
1818,8400,6,"RM","BrkTil",357,133700.592960976
1819,3600,6,"RM","BrkTil",280,114494.531643797
1820,3300,4,"C (all)","BrkTil",0,63497.4460700201
1821,5400,6,"RM","BrkTil",207,118257.712536095
1822,9720,6,"RM","PConc",640,172101.898388168
1823,9392,3,"C (all)","CBlock",0,66551.5867549967
1824,6615,6,"RL","BrkTil",216,132697.391943338
1825,4960,5,"RL","CBlock",336,119445.971365805
1826,6000,5,"RM","BrkTil",320,106139.966663564
1827,6120,5,"RM","BrkTil",264,104204.101946619
1828,6120,5,"RM","BrkTil",250,103649.509097385
1829,8635,5,"RM","BrkTil",1184,155728.124773311
1830,8094,6,"RM","PConc",576,163453.441400303
1831,9928,7,"RM","BrkTil",216,153464.710200944
1832,3000,5,"RM","BrkTil",0,84769.1628792597
1833,6876,6,"RM","CBlock",316,135484.895715476
1834,5775,6,"RM","BrkTil",379,127534.899979805
1835,5852,7,"RM","BrkTil",0,130673.967111353
1836,5160,6,"RM","BrkTil",384,125660.972449041
1837,5160,4,"RM","PConc",0,87930.4094224199
1838,10320,6,"RM","CBlock",308,143460.788645319
1839,4280,4,"RL","CBlock",220,94628.1424484926
1840,10800,5,"RL","CBlock",0,117949.263124191
1841,10547,5,"RL","PConc",252,137986.577851794
1842,9780,5,"RL","PConc",226,135103.704979346
1843,11625,5,"RL","CBlock",668,153822.528460858
1844,8014,6,"RL","CBlock",504,161564.919470777
1845,15400,5,"RL","CBlock",384,143922.374318017
1846,15312,6,"RL","CBlock",480,176237.035830984
1847,15584,5,"RL","CBlock",336,141562.35362688
1848,9000,2,"RL","Slab",0,64094.8853832901
1849,15635,4,"RL","CBlock",498,127505.69503065
1850,9571,5,"RL","CBlock",340,131884.504278197
1851,9350,6,"RL","CBlock",240,149479.127264052
1852,7440,5,"RL","CBlock",252,122855.694547832
1853,4235,5,"RL","CBlock",266,113605.7523534
1854,10778,7,"RL","PConc",462,209357.768601435
1855,19255,6,"RL","CBlock",576,189127.646130016
1856,10560,7,"RL","PConc",473,209600.93911429
1857,26400,5,"RL","PConc",576,178895.478480664
1858,7018,5,"RL","Slab",720,134066.875639224
1859,7018,5,"RL","Slab",400,118672.081874567
1860,7040,5,"RL","CBlock",672,143008.217731875
1861,7007,5,"RL","Slab",400,118644.463006683
1862,11855,7,"RL","PConc",820,243382.988312669
1863,7939,7,"RL","PConc",820,229324.896822055
1864,7976,7,"RL","PConc",820,229483.172742397
1865,10933,9,"RL","PConc",1138,378971.993654692
1866,10816,9,"RL","PConc",846,338513.481637128
1867,9178,8,"RL","PConc",904,285856.757328997
1868,11422,8,"RL","PConc",524,255469.316057723
1869,6762,7,"RL","PConc",662,210840.883688296
1870,10324,8,"RL","PConc",810,280653.262272051
1871,11645,8,"RL","PConc",844,289439.437480052
1872,11646,6,"RL","PConc",440,177742.935213067
1873,16698,7,"RL","PConc",525,228838.915294872
1874,9757,5,"RL","PConc",440,146534.934205847
1875,14753,7,"RL","PConc",539,225874.252283049
1876,8750,6,"RL","PConc",492,173770.3828178
1877,10739,7,"RL","PConc",577,218621.374100482
1878,11166,7,"RL","PConc",608,222503.619051972
1879,16269,5,"RL","BrkTil",343,134720.261890976
1880,6950,5,"RL","CBlock",444,130854.491369686
1881,11664,7,"RL","PConc",1231,283975.329834357
1882,12334,8,"RL","PConc",570,262968.645372691
1883,8749,7,"RL","PConc",550,209901.731466606
1884,11250,7,"RL","PConc",608,222751.20143552
1885,15750,8,"RL","PConc",521,267637.788306464
1886,12782,8,"RL","PConc",523,259670.590672768
1887,8750,7,"RL","PConc",511,206807.988658931
1888,10200,8,"RL","PConc",810,280150.498798313
1889,11069,6,"RL","PConc",440,176407.78376537
1890,10682,4,"RL","CBlock",544,122629.499105623
1891,3675,6,"RM","Wood",525,129732.063249394
1892,6410,4,"RL","CBlock",320,104376.583454071
1893,11767,5,"RL","CBlock",195,128677.240058758
1894,10926,5,"RL","CBlock",0,118152.443899117
1895,11767,5,"RL","CBlock",313,134597.038470072
1896,8212,5,"RL","CBlock",256,124858.921449734
1897,6300,5,"RH","PConc",250,128204.251152892
1898,5707,6,"RL","BrkTil",180,128052.552092484
1899,8574,6,"RL","BrkTil",440,150196.380322505
1900,7155,7,"RL","BrkTil",215,158562.336959224
1901,13680,5,"RL","CBlock",440,144466.278940832
1902,14680,5,"RL","CBlock",307,138770.164332425
1903,8145,7,"RL","BrkTil",400,173450.79518356
1904,9100,5,"RL","BrkTil",390,125826.776143774
1905,13339,6,"RL","CBlock",463,171551.093290926
1906,15600,5,"RL","BrkTil",295,131456.178974963
1907,17500,6,"RL","PConc",576,198860.84320673
1908,1733,6,"RM","CBlock",452,116302.978242578
1909,1488,6,"RM","CBlock",462,114136.315209036
1910,1612,6,"RM","CBlock",462,115500.003779807
1911,13607,6,"RL","CBlock",501,174568.521574854
1912,17597,7,"RL","CBlock",551,218403.825603719
1913,8660,5,"RM","BrkTil",576,123567.652530332
1914,10200,4,"C (all)","BrkTil",200,81018.7316564528
1915,3843,8,"RM","PConc",482,197117.229792715
1917,10125,8,"RL","PConc",642,262485.320712181
1918,9750,6,"RL","CBlock",351,156911.61557614
1919,9360,6,"RL","CBlock",541,167678.391330036
1920,11070,5,"RL","PConc",672,163110.775413016
1921,13438,9,"RL","CBlock",780,319657.698621003
1922,14463,9,"RL","PConc",885,358721.092293941
1923,9839,6,"RL","PConc",440,173351.17307925
1924,14419,7,"RL","PConc",578,228479.42218553
1925,9157,7,"RL","PConc",486,206233.243834784
1926,12633,9,"RL","PConc",920,356314.067689163
1927,12518,5,"RL","CBlock",384,139564.781174123
1928,13383,5,"RL","CBlock",504,147552.503008484
1929,7689,5,"RL","CBlock",336,127474.149817811
1930,7706,6,"RL","CBlock",429,156101.108978729
1931,7669,5,"RL","PConc",698,156002.991724751
1932,10429,5,"RL","PConc",440,147990.348099078
1933,10457,5,"RL","CBlock",898,165299.164523826
1934,8702,6,"RL","PConc",470,172178.683523516
1935,8139,6,"RL","PConc",420,167259.999568985
1936,9535,6,"RL","PConc",472,174663.259506263
1937,15038,6,"RL","PConc",386,180853.032939523
1938,14137,5,"RL","PConc",404,152713.583604139
1939,6264,8,"RL","PConc",528,234039.34090788
1940,5070,8,"RL","PConc",506,224915.197242046
1941,11184,6,"RL","PConc",460,178030.583390759
1942,14067,6,"RL","PConc",416,181130.070512148
1943,5950,8,"RL","PConc",462,226490.019395623
1944,13543,8,"RL","PConc",683,278378.736410338
1945,15401,9,"RL","PConc",670,333591.68327487
1946,31220,6,"RL","CBlock",495,197011.026290759
1947,8118,9,"RL","PConc",557,290565.130091712
1948,47280,6,"RL","CBlock",738,229859.424099315
1949,12680,7,"RL","CBlock",528,206221.93161316
1950,10825,7,"RL","CBlock",598,206885.455821032
1951,18559,7,"RL","CBlock",550,220051.707651649
1952,14450,7,"RL","CBlock",551,212110.847849034
1953,13068,6,"RL","PConc",461,182260.564007328
1954,10400,7,"RL","CBlock",489,197289.956371938
1955,9743,5,"RL","CBlock",484,139694.529214311
1956,12511,7,"RL","PConc",1314,296167.877805787
1957,10400,6,"RL","CBlock",473,165962.529322537
1958,14311,8,"RL","PConc",787,292016.117008402
1959,9000,5,"RL","CBlock",480,137849.555167106
1960,10295,4,"RL","CBlock",288,110621.252837655
1961,7560,5,"RL","CBlock",576,139335.404265394
1962,1680,6,"RM","CBlock",264,107762.496469879
1963,1890,6,"RM","CBlock",352,113403.231465385
1964,1680,5,"RM","CBlock",264,91205.5692847852
1965,2308,6,"RL","CBlock",460,132082.332587894
1966,2529,7,"RL","CBlock",440,156990.364168419
1967,12704,8,"RL","PConc",905,300099.134916196
1968,13693,8,"RL","PConc",650,275348.716530459
1969,14418,9,"RL","PConc",706,334907.107265915
1970,13418,9,"RL","PConc",850,350049.961257388
1971,12539,10,"RL","PConc",1150,459062.954635403
1972,12151,9,"RL","PConc",1003,365650.311071282
1973,8899,8,"RL","PConc",656,258883.921635144
1974,10574,8,"RL","PConc",756,275913.417579145
1975,12720,10,"RL","PConc",789,400899.707127098
1976,10845,8,"RL","PConc",732,274429.397192968
1977,16900,8,"RL","PConc",746,294669.708435852
1978,16451,8,"RL","PConc",795,299027.897423889
1979,10110,9,"RL","PConc",870,338219.758997976
1980,12304,7,"RL","PConc",484,215310.036787678
1981,8232,9,"RL","PConc",944,337447.558646805
1982,6240,8,"RL","PConc",550,235875.793879098
1983,6240,8,"RL","PConc",550,235875.793879098
1984,2448,7,"RL","PConc",474,168793.850276883
1985,3940,7,"RL","PConc",644,193271.255580949
1986,3940,7,"RM","PConc",668,179752.607889889
1987,3710,7,"RL","PConc",428,176414.549976646
1988,9024,6,"RL","PConc",393,168102.540803839
1989,8010,7,"RL","PConc",400,195658.175536531
1990,8396,7,"RL","PConc",434,199599.447748966
1991,7301,7,"RL","PConc",484,199264.943294569
1992,8220,7,"RL","PConc",431,198745.584016772
1993,7750,7,"RL","PConc",403,194925.273820423
1994,12460,7,"RL","PConc",400,208915.565637481
1995,8390,7,"RL","PConc",450,200799.169834817
1996,9660,8,"RL","PConc",516,248437.54793962
1997,11000,9,"RL","PConc",687,319405.294470573
1998,11675,8,"RL","PConc",938,300112.65361111
1999,10990,7,"RL","PConc",576,219288.544538593
2000,11929,8,"RL","PConc",751,280359.465155662
2001,10010,7,"RL","PConc",783,234025.835130887
2002,13253,7,"RL","PConc",642,231210.580499013
2003,9801,8,"RL","PConc",851,282883.156062456
2004,9428,8,"RL","PConc",880,284385.444058804
2005,10037,8,"RL","PConc",480,246447.79429731
2006,8640,8,"FV","PConc",588,249813.956027946
2007,10625,8,"FV","PConc",660,264766.339117692
2008,7500,7,"FV","PConc",462,197330.282787815
2009,10110,6,"RL","PConc",542,180951.783983657
2010,12774,7,"RL","PConc",478,216016.446020998
2011,13072,6,"RL","PConc",0,152896.769302702
2012,9260,7,"RL","PConc",483,206339.735173642
2013,8453,6,"RL","PConc",525,175070.609743084
2014,8480,6,"RL","PConc",474,171781.422133562
2015,14565,7,"RL","PConc",483,220683.562846622
2016,8450,6,"RL","PConc",627,182001.71901606
2017,8285,7,"RL","PConc",506,204748.436932108
2018,9100,5,"RL","PConc",384,141964.118354613
2019,8100,5,"RL","CBlock",420,132642.668962084
2020,8450,5,"RL","CBlock",308,127899.485600005
2021,6360,5,"RL","CBlock",276,121132.573138231
2022,19508,6,"RL","CBlock",484,182964.370024033
2023,10759,5,"RL","CBlock",490,142090.459423209
2024,9205,6,"RL","PConc",473,173819.013376574
2025,11025,9,"RL","PConc",636,313361.649394686
2026,3435,7,"FV","PConc",495,177964.890855967
2027,3180,6,"FV","PConc",480,148058.765282107
2028,3180,7,"FV","PConc",540,178983.432484383
2029,2280,6,"FV","PConc",440,138794.457134556
2030,4765,9,"FV","PConc",495,260806.060190401
2031,4538,9,"FV","PConc",545,263905.952943115
2032,4385,9,"FV","PConc",588,266905.335440651
2033,4109,9,"FV","PConc",484,254068.98489172
2034,2160,7,"FV","PConc",462,164049.938063031
2035,10646,7,"FV","PConc",546,214620.954888714
2036,2645,8,"FV","PConc",480,201120.220231733
2037,2645,8,"FV","PConc",480,201120.220231733
2038,3951,10,"FV","PConc",846,342607.376183478
2039,11064,8,"RL","PConc",477,249750.400550473
2040,24572,9,"RL","CBlock",864,360979.848181614
2041,16280,8,"RL","CBlock",550,254992.810935929
2042,7500,7,"FV","PConc",469,197857.501700106
2043,11104,6,"RL","CBlock",516,170352.785310094
2044,11050,6,"RL","CBlock",512,169970.253309638
2045,15387,7,"RL","CBlock",578,216312.342545001
2046,9750,5,"RL","CBlock",484,139709.417334467
2047,8814,5,"RL","CBlock",470,136900.236711085
2048,8125,5,"RL","CBlock",576,140833.55566268
2049,11072,5,"RL","CBlock",576,147451.568235774
2050,13355,7,"RL","CBlock",464,202806.825781552
2051,7785,5,"RL","Slab",267,114555.434469794
2052,9900,5,"RL","CBlock",451,138275.972672613
2053,11332,5,"RL","CBlock",264,131370.114415346
2054,4882,4,"RL","PConc",231,103341.565546318
2055,9600,5,"RL","CBlock",450,137593.582870345
2056,9600,5,"RL","CBlock",264,128176.28076307
2057,7584,5,"RL","CBlock",312,126055.869478955
2058,14670,6,"RL","CBlock",480,175120.489961315
2059,8856,5,"RL","CBlock",292,128010.135374533
2060,9840,5,"RL","CBlock",480,139686.888879184
2061,13200,6,"RL","CBlock",441,169854.301841363
2062,10425,5,"RL","CBlock",384,135826.774679285
2063,11556,5,"RL","CBlock",240,130552.447692846
2064,9373,5,"RL","CBlock",636,147179.252366756
2065,12774,5,"RL","PConc",400,150204.206310901
2066,14250,6,"RL","CBlock",540,178401.081380419
2067,8838,5,"RL","BrkTil",301,121103.686572634
2068,12436,5,"RL","CBlock",484,144845.949572418
2069,10122,4,"RL","Slab",390,105644.729500709
2070,7506,5,"RL","PConc",288,133007.739385723
2071,5400,4,"RL","PConc",308,108024.007214002
2072,10836,5,"RL","BrkTil",1488,196240.233480614
2073,10180,5,"RL","CBlock",372,134730.632286895
2074,11355,7,"RL","CBlock",495,200336.297885347
2075,12929,6,"RL","CBlock",401,166770.081555672
2076,7200,5,"RL","CBlock",576,138330.301231965
2077,8000,5,"RL","PConc",311,135453.998783883
2078,8000,5,"RL","CBlock",299,126430.636923273
2079,8064,6,"RL","CBlock",576,166213.689564521
2080,6390,6,"RL","CBlock",280,143440.783598612
2081,7200,6,"RL","CBlock",240,143794.420377227
2082,8513,5,"RL","CBlock",0,113857.339621055
2083,7200,5,"RL","CBlock",480,133359.956302306
2084,7200,5,"RL","CBlock",350,126912.731927185
2085,7590,5,"RL","CBlock",264,123785.021396746
2086,9836,6,"RM","PConc",308,151911.538703292
2087,9184,5,"RM","BrkTil",400,116561.616272598
2088,4800,5,"RM","BrkTil",330,103075.25701646
2089,4800,5,"RM","CBlock",256,106255.196690022
2090,6000,6,"RM","BrkTil",308,124835.684673164
2091,11426,4,"RM","Stone",0,93251.592077785
2092,7628,4,"RM","BrkTil",440,97446.8875541087
2093,7308,5,"RM","BrkTil",225,105405.026574977
2094,5400,7,"RM","CBlock",0,136916.137818448
2095,10800,6,"RM","CBlock",828,176093.74465898
2096,6756,5,"RM","BrkTil",200,103195.696650943
2097,5914,5,"RM","BrkTil",0,93750.9463883812
2098,9000,5,"RM","CBlock",869,147345.048470646
2099,7311,2,"RM","BrkTil",297,65685.2448667557
2100,12205,3,"RM","BrkTil",0,74777.8835146749
2101,9142,5,"RM","BrkTil",420,117373.751676778
2102,5350,7,"RM","BrkTil",288,143908.041418487
2103,9143,5,"RM","CBlock",308,119256.827821421
2104,9600,5,"RM","BrkTil",393,117017.71050716
2105,6000,5,"RM","BrkTil",0,93951.9978667797
2106,11340,2,"RM","BrkTil",400,72913.1588604076
2107,10800,7,"RM","BrkTil",342,163039.125998898
2108,9750,5,"RM","CBlock",308,120399.73576835
2109,8516,4,"RM","CBlock",308,99875.47480365
2110,7111,5,"RL","BrkTil",288,116679.457353804
2111,7425,7,"RM","CBlock",252,158012.982025058
2112,7010,5,"RL","BrkTil",240,114321.154142747
2113,5000,5,"RM","CBlock",240,106250.79882266
2114,5870,6,"RM","BrkTil",200,119412.222809774
2115,6000,6,"RM","CBlock",240,128981.594979646
2116,6000,5,"RM","BrkTil",370,108182.239289732
2117,6000,6,"RM","BrkTil",672,143415.288935292
2118,6000,6,"RM","CBlock",240,128981.594979646
2119,5000,6,"RM","BrkTil",160,114839.029837703
2120,5520,5,"RM","BrkTil",355,106242.808564103
2121,5940,4,"RM","PConc",280,99899.2297037368
2122,6240,4,"RM","PConc",336,102803.4171032
2123,6120,5,"RM","CBlock",164,106359.556551425
2124,6240,7,"RM","BrkTil",400,153653.419462014
2125,6120,5,"RM","BrkTil",576,117363.599071112
2126,9144,6,"RL","BrkTil",672,165658.065754329
2127,8094,6,"RM","PConc",360,150534.950097169
2128,4347,6,"RM","BrkTil",228,115432.316218873
2129,6291,6,"RM","BrkTil",440,132203.244250442
2130,10266,6,"RM","CBlock",308,143349.152477621
2131,6876,6,"RM","BrkTil",400,131932.117287478
2132,10320,5,"RM","BrkTil",400,118596.235146567
2133,7200,6,"RM","CBlock",320,136621.871034267
2134,7006,6,"RM","PConc",384,148698.86224572
2135,10320,5,"RM","BrkTil",576,126825.33333973
2136,10320,3,"RM","PConc",0,82482.3327765044
2137,9488,5,"RL","CBlock",240,126788.086393309
2138,11235,5,"RL","CBlock",440,140306.469574271
2139,13014,6,"RL","CBlock",484,172298.015802013
2140,10265,5,"RL","CBlock",294,130945.337304063
2141,7703,6,"RL","CBlock",504,160618.817934541
2142,9981,5,"RL","CBlock",270,129213.836566629
2143,7400,5,"RL","PConc",506,144227.53224028
2144,12900,5,"RL","PConc",400,150423.132059558
2145,9239,5,"RL","CBlock",300,129210.28234193
2146,14175,6,"RL","CBlock",621,183851.081128196
2147,10532,5,"RL","CBlock",626,149177.806507195
2148,8375,5,"RL","BrkTil",627,136036.645377411
2149,10200,5,"RL","PConc",912,176578.435389388
2150,20270,7,"RL","CBlock",478,216914.623364784
2151,5190,7,"RL","CBlock",249,162398.909594318
2152,19550,5,"RL","PConc",0,137369.494448945
2153,9571,5,"RL","CBlock",322,130982.731861696
2154,9350,5,"RL","PConc",0,123128.217600775
2155,9360,6,"RL","CBlock",280,151799.74956041
2156,9771,6,"RL","PConc",614,185047.783875554
2157,9938,7,"RL","PConc",534,212607.728420429
2158,14171,7,"RL","PConc",453,217288.388614566
2159,10541,7,"RL","PConc",472,209465.079875112
2160,10616,7,"RL","PConc",484,210646.867917431
2161,9345,8,"RL","PConc",864,282285.702369087
2162,11778,9,"RL","PConc",1348,415114.774756767
2163,11778,9,"RL","PConc",874,346499.04554677
2164,11454,8,"RL","PConc",811,285120.950204805
2165,11500,6,"RL","CBlock",438,166224.585065496
2166,9750,5,"RL","PConc",528,151517.389358883
2167,8696,7,"RL","PConc",558,210353.031425599
2168,13142,6,"RL","PConc",600,192338.716417705
2169,8998,7,"RL","PConc",532,209336.393759947
2170,12192,7,"RL","PConc",626,226976.932739873
2171,12250,5,"RL","CBlock",528,146966.723877327
2172,9216,5,"RL","CBlock",576,143491.309513288
2173,14330,5,"RL","CBlock",440,145464.804623295
2174,10400,7,"RL","PConc",570,217003.515173636
2175,9720,9,"RL","PConc",725,318170.923539494
2176,14860,8,"RL","PConc",715,285702.356511665
2177,10905,7,"RL","PConc",596,220712.229527385
2178,11690,8,"RL","PConc",560,259891.920867986
2179,4426,6,"RM","PConc",420,140822.015801592
2180,10126,6,"RM","PConc",721,178579.44468478
2181,9750,7,"RL","PConc",470,206896.768072946
2182,11058,7,"RL","PConc",814,240332.257191659
2183,9627,7,"RL","PConc",610,217826.756155262
2184,9825,5,"RL","CBlock",264,128617.661336347
2185,12102,5,"RL","CBlock",504,145365.963704702
2186,6500,6,"RL","CBlock",480,155196.036924623
2187,9638,6,"RL","CBlock",542,168472.400071773
2188,7200,6,"RL","CBlock",440,155185.133453759
2189,47007,5,"RL","Slab",624,171390.797777936
2190,6012,4,"RL","PConc",0,97600.555775096
2191,6845,4,"RL","Slab",0,85916.7111765722
2192,6931,4,"RL","CBlock",0,93468.6557646794
2193,12180,5,"RL","PConc",0,128055.254718219
2194,8050,5,"RL","Slab",0,103985.674293752
2195,9520,4,"RL","CBlock",286,109260.704944415
2196,7692,4,"RL","CBlock",312,106912.382483021
2197,5142,4,"RL","PConc",205,103113.308549065
2198,7290,7,"RL","BrkTil",312,164991.672146894
2199,7804,6,"RL","BrkTil",480,150389.382846231
2200,8969,6,"RL","BrkTil",369,147166.369417517
2201,15564,6,"RL","BrkTil",400,161606.991853527
2202,7609,8,"RL","PConc",180,210967.567678883
2203,9650,6,"RL","BrkTil",599,162404.855180822
2204,11700,5,"RL","CBlock",240,130792.571423706
2205,9260,5,"RL","BrkTil",225,118462.832580769
2206,7801,6,"RL","PConc",344,161464.728985135
2207,9670,8,"RL","PConc",786,275410.071259837
2208,12392,7,"RL","CBlock",506,203803.86018159
2209,26073,5,"RL","PConc",484,172411.589141421
2210,1879,6,"RM","CBlock",462,118156.798759602
2211,7000,6,"RM","BrkTil",195,122339.453226906
2212,6000,6,"RM","CBlock",240,128981.594979646
2213,8155,5,"RM","CBlock",0,104262.309542067
2214,6000,5,"RM","CBlock",288,111180.186127616
2215,7392,5,"RM","BrkTil",360,111159.291306642
2216,9000,5,"RM","CBlock",356,121175.081940377
2218,5280,4,"C (all)","Stone",185,77867.5460509768
2219,5150,4,"C (all)","PConc",195,82626.0682516975
2220,9000,4,"C (all)","Stone",216,85281.5959002114
2221,3843,8,"RM","PConc",525,200374.671891179
2222,3811,7,"RM","PConc",482,166624.728072249
2223,23730,7,"RL","PConc",786,266308.057605292
2224,11050,7,"RL","PConc",816,240489.71508845
2225,10260,5,"RL","CBlock",484,140770.391080544
2226,9990,4,"RL","PConc",432,124077.028175672
2227,4084,7,"RL","CBlock",512,173251.161317362
2228,11563,8,"RL","PConc",788,283029.729734796
2229,12852,8,"RL","PConc",612,268848.621788074
2230,9802,5,"RL","PConc",400,144416.258075968
2231,12018,7,"RL","PConc",666,229973.085466791
2232,12890,6,"RL","CBlock",438,169062.953969296
2233,18265,6,"RL","CBlock",578,187795.230988545
2234,11202,8,"RL","PConc",467,249258.284484634
2235,7915,6,"RL","PConc",435,167523.894385907
2236,11449,8,"RL","PConc",520,255169.484886905
2237,11447,8,"RL","PConc",892,294034.646184611
2238,8940,7,"RM","PConc",784,212167.641136507
2239,9278,5,"RL","PConc",0,122987.063040164
2240,4500,6,"RM","PConc",392,139670.264769244
2241,14137,4,"RL","CBlock",850,143651.240406417
2242,4224,5,"RM","PConc",499,121980.839017632
2243,2665,5,"RM","PConc",336,107060.116113339
2244,1974,4,"RM","CBlock",297,80062.7357680032
2245,1596,4,"RM","CBlock",297,77576.903190415
2246,17979,5,"RL","CBlock",257,140308.104935496
2247,1477,6,"RM","CBlock",0,95601.7902718942
2248,6490,5,"RL","CBlock",264,120942.348340679
2249,6600,5,"RL","CBlock",264,121244.344393534
2250,12395,5,"RL","CBlock",484,144774.990497481
2252,10667,6,"RL","CBlock",525,169922.818025906
2253,8872,6,"RL","PConc",390,167487.709504846
2254,10147,6,"RL","PConc",398,171380.128566326
2255,8637,6,"RL","PConc",451,170746.162758451
2256,7875,7,"RL","PConc",420,196658.825652755
2257,7500,6,"RL","PConc",482,169194.601298845
2258,9556,7,"RL","PConc",420,202386.489848102
2259,7655,6,"RL","PConc",392,163985.746642929
2260,18160,6,"RL","CBlock",480,180754.896544328
2261,4740,8,"RL","CBlock",480,206740.001230944
2262,5118,8,"RL","PConc",484,223349.070172272
2263,12328,8,"RL","PConc",729,279378.856897597
2264,51974,9,"RL","PConc",1110,472536.217056667
2265,41600,5,"RL","CBlock",828,197545.368184289
2266,8035,9,"RL","PConc",556,290011.814455185
2267,14082,8,"RL","PConc",724,284405.669417374
2268,13870,10,"RL","PConc",724,396144.182457772
2269,10960,6,"RL","CBlock",480,167706.003196016
2270,12090,7,"RL","CBlock",484,201363.412990993
2271,12299,7,"RL","CBlock",663,216130.865903855
2272,11339,7,"RL","CBlock",481,199228.383109335
2273,11850,6,"RL","CBlock",495,170633.028687589
2274,10400,6,"RL","CBlock",478,166279.131318413
2275,13001,6,"RL","CBlock",944,205288.420671251
2276,8991,7,"RL","CBlock",585,200269.681363019
2277,8000,6,"RL","CBlock",488,160540.919597308
2278,9457,5,"RL","CBlock",576,144041.993740139
2279,7920,5,"RL","CBlock",368,129606.548314896
2280,17199,4,"RL","BrkTil",270,111810.999005937
2281,4113,6,"RH","PConc",511,157064.008713802
2282,10943,6,"RH","PConc",522,182371.780950374
2283,2205,6,"RM","CBlock",264,112199.708260378
2284,2058,6,"RM","CBlock",264,111056.92791491
2285,2304,7,"RL","CBlock",319,147855.688207755
2286,7150,5,"RL","CBlock",360,127265.743331638
2287,12469,9,"RL","PConc",730,330779.229944432
2288,11825,8,"RL","PConc",856,291428.939209696
2289,14333,8,"RL","PConc",938,309387.249681941
2290,13641,9,"RL","PConc",1040,377263.60186615
2291,13440,8,"RL","PConc",670,276689.099292774
2292,15431,10,"RL","PConc",878,426794.987208521
2293,13891,9,"RL","PConc",932,363025.302272699
2294,13654,9,"RL","PConc",814,346173.773370326
2295,17169,10,"RL","PConc",1174,485396.921696281
2296,16659,8,"RL","PConc",728,292031.822062453
2297,9709,8,"RL","PConc",786,275574.607395714
2298,13615,9,"RL","PConc",843,349873.059464448
2299,13069,8,"RL","PConc",916,302629.383186374
2300,14277,8,"RL","PConc",818,295382.859081501
2301,12568,8,"RL","PConc",774,285026.576698371
2302,9926,7,"RL","PConc",878,242352.265378887
2303,9254,8,"RL","PConc",554,250461.370994157
2304,10732,8,"RL","PConc",876,289463.270501547
2305,3901,6,"RL","PConc",631,162527.88991733
2306,3903,6,"RL","PConc",631,162540.25152927
2307,6289,6,"RL","PConc",460,163454.254988858
2308,4590,8,"RL","PConc",627,232081.054332881
2309,7841,9,"RL","PConc",564,289844.456987375
2310,6240,8,"RL","PConc",550,235875.793879098
2311,3242,7,"RL","PConc",478,176247.06884537
2312,15810,6,"RL","CBlock",572,183395.819008931
2313,10237,6,"RL","PConc",400,171735.708154697
2314,13204,7,"RL","PConc",454,215103.464939408
2315,8857,6,"RL","PConc",440,170667.535566507
2316,9729,6,"RL","PConc",350,167225.931822648
2317,12216,6,"RL","PConc",388,175494.517464302
2318,8229,6,"RL","PConc",440,168815.214435442
2319,7713,7,"RL","PConc",400,194564.290247565
2320,7697,7,"RL","PConc",462,199155.735938146
2321,3621,8,"RL","PConc",630,224313.327251506
2322,3710,7,"RL","PConc",388,173745.18797836
2323,16219,7,"RL","PConc",437,220336.624147877
2324,11084,7,"RL","PConc",400,205319.256357743
2325,10936,7,"RL","PConc",534,215648.194320428
2326,11950,7,"RL","PConc",400,207624.023892517
2327,7875,7,"RL","PConc",434,197711.079343058
2328,8740,7,"RL","PConc",435,200868.830010487
2329,9487,6,"RL","PConc",442,172548.075740888
2330,9649,6,"RL","PConc",460,174173.058242176
2331,12191,8,"RL","PConc",925,300551.777834931
2332,10557,9,"RL","PConc",806,332194.499601845
2333,11002,8,"RL","PConc",758,277754.375582563
2334,10790,7,"RL","PConc",600,220701.540556545
2335,11762,8,"RL","PConc",517,255899.968825136
2336,9044,8,"RL","PConc",933,288404.033367401
2337,9910,7,"RL","PConc",605,218348.691996278
2338,11830,8,"RL","PConc",852,291003.194532298
2339,10612,8,"RL","PConc",484,248872.554540538
2340,12291,10,"RL","PConc",1092,447696.366086461
2341,9965,7,"RL","PConc",480,208360.172676596
2342,8847,8,"RL","PConc",484,242244.801355327
2343,8251,7,"RL","PConc",672,217989.36066489
2344,9605,7,"RL","PConc",574,214785.191194597
2345,8778,8,"RL","PConc",859,279143.513974469
2346,8640,8,"FV","PConc",598,250767.991107963
2347,9000,7,"FV","PConc",575,211665.002951988
2348,8640,8,"FV","PConc",590,250004.472234606
2349,10411,5,"FV","CBlock",561,144501.115027328
2350,12217,8,"FV","PConc",880,293953.769896295
2351,10440,8,"FV","PConc",594,257516.560787346
2352,11824,8,"FV","PConc",658,268795.495390678
2353,10625,6,"FV","PConc",744,195828.362820457
2354,7500,6,"RL","PConc",0,140797.852155896
2355,7500,7,"RL","PConc",0,166357.473177324
2356,12450,5,"RL","PConc",576,160015.332378781
2357,7441,7,"RL","PConc",566,206171.783633539
2358,11613,6,"RL","PConc",492,181224.781824145
2359,8012,6,"RL","CBlock",283,148506.873886515
2360,6285,5,"RL","CBlock",308,122403.485359196
2361,7476,5,"RL","CBlock",686,145061.074641786
2362,19522,7,"RL","PConc",564,237714.291576821
2363,10751,5,"RL","CBlock",431,138915.306064592
2364,12712,6,"RL","CBlock",542,175536.953426946
2365,4379,8,"FV","PConc",540,221756.722296716
2366,3523,8,"FV","PConc",484,210179.23596614
2367,3784,8,"FV","PConc",476,211773.253901784
2368,3606,7,"FV","PConc",466,177281.908576715
2369,5330,8,"FV","PConc",528,227276.872753714
2370,2280,6,"FV","PConc",440,138794.457134556
2371,2117,6,"FV","PConc",440,137275.19596624
2372,7321,7,"FV","PConc",625,209228.164264497
2373,8010,8,"FV","PConc",552,243656.602832248
2374,8413,8,"FV","PConc",1105,303029.798068628
2375,9466,8,"RL","PConc",478,244128.982149824
2376,12000,7,"RL","CBlock",546,205950.358887852
2377,17778,8,"RL","CBlock",676,271055.694703854
2378,11700,6,"RL","CBlock",412,165006.978560243
2379,8000,6,"RL","CBlock",570,165638.030880337
2380,8723,6,"RL","PConc",480,172898.057720863
2381,11700,6,"RL","PConc",528,183932.306986974
2382,11358,7,"RL","CBlock",515,201877.294318126
2383,9547,7,"RL","PConc",472,206409.127093234
2384,10530,7,"RL","PConc",473,209512.475541242
2385,10738,6,"RL","CBlock",484,167452.662126855
2386,10800,6,"RL","CBlock",311,156900.591575382
2387,8050,5,"RL","CBlock",308,126982.449817329
2388,10899,4,"RL","Slab",530,112665.161156961
2389,7450,5,"RL","CBlock",396,129813.442427387
2390,14357,5,"RL","CBlock",440,145505.441029261
2391,8243,5,"RL","CBlock",784,152780.426820511
2392,8680,5,"RL","CBlock",312,128606.099852182
2393,8800,7,"RL","CBlock",440,188898.329499548
2394,9200,6,"RL","CBlock",440,160933.48420134
2395,8800,6,"RL","CBlock",539,166023.792868076
2396,11382,6,"RL","CBlock",286,156627.662063087
2397,22002,6,"RL","CBlock",510,188115.060964023
2398,12172,5,"RL","PConc",512,155636.604458943
2399,5000,3,"RL","CBlock",0,75365.9148465676
2400,3500,3,"RL","CBlock",0,71480.8908423694
2401,5175,5,"RL","CBlock",308,118924.381630472
2402,9600,5,"RL","CBlock",288,129354.23003709
2403,8668,5,"RL","CBlock",792,154394.493118622
2404,10050,5,"RL","CBlock",432,137584.82402833
2405,9600,6,"RL","CBlock",525,167286.153320346
2406,8760,6,"RL","CBlock",315,152333.595957656
2407,6860,5,"RL","CBlock",308,124003.853763266
2408,8250,5,"RL","CBlock",692,147534.199325828
2409,9100,5,"RL","CBlock",336,130701.216757242
2410,9736,6,"RL","CBlock",464,163782.90111597
2411,9770,5,"RL","CBlock",308,130684.062227504
2412,12198,5,"RL","CBlock",310,135162.766566198
2413,10050,5,"RL","CBlock",336,132641.264834018
2414,11556,5,"RL","CBlock",336,135418.156369097
2415,8078,5,"RL","CBlock",484,135863.428657146
2416,10950,6,"RL","CBlock",410,163268.33216349
2417,7942,6,"RL","CBlock",293,148880.03388667
2418,8540,5,"RL","CBlock",252,125395.304877547
2419,7150,4,"RL","PConc",352,114523.320053717
2420,8400,5,"RL","CBlock",390,131844.088259158
2421,9532,4,"RL","CBlock",280,109031.486891591
2422,15783,5,"RL","CBlock",420,146443.755293166
2423,14190,4,"RL","CBlock",0,103953.995796842
2424,12099,5,"RL","CBlock",371,138175.130083777
2425,21281,5,"RL","BrkTil",1200,194360.171667406
2426,10284,4,"RL","CBlock",580,123625.333589331
2427,10800,5,"RL","CBlock",0,117949.263124191
2428,10090,7,"RL","CBlock",276,181090.129773487
2429,8700,5,"RL","CBlock",240,125167.325747344
2430,8300,6,"RL","CBlock",288,149571.913837895
2431,7200,5,"RL","CBlock",357,127251.812130878
2432,7500,5,"RL","CBlock",286,124606.666569113
2433,7315,5,"RL","CBlock",338,126630.949764157
2434,7903,5,"RL","CBlock",324,127410.345961089
2435,8000,5,"RL","CBlock",351,128961.604089767
2436,7000,5,"RL","Slab",300,114190.250323409
2437,6600,5,"RL","CBlock",294,122638.746077837
2438,6760,5,"RL","CBlock",288,122794.259748336
2439,6978,5,"RM","BrkTil",576,119670.826020735
2440,6000,6,"RM","BrkTil",576,138262.235353779
2441,4480,5,"RM","PConc",184,109128.508340308
2442,3153,5,"RM","BrkTil",180,91461.9949394721
2443,7200,5,"RM","CBlock",379,118260.803861218
2444,9000,5,"RM","BrkTil",576,124275.77121937
2445,5925,4,"RM","BrkTil",252,87370.5976537851
2446,9639,4,"RM","PConc",342,109906.348905814
2447,10337,8,"RM","BrkTil",816,229287.633545142
2448,9863,6,"RM","BrkTil",374,137814.311526332
2449,4571,5,"RM","BrkTil",480,108351.589046877
2450,8398,6,"RM","CBlock",468,147889.967938144
2451,3600,5,"RM","BrkTil",336,98993.9655389119
2452,13500,7,"RM","PConc",576,208356.464060339
2453,8626,4,"RM","CBlock",331,100946.984610565
2454,11800,4,"RM","Slab",384,99374.3442046722
2455,6854,5,"RL","PConc",308,132230.552899668
2456,8674,5,"RM","CBlock",308,118328.622217311
2457,6125,5,"RM","CBlock",224,108833.242740311
2458,6000,6,"RM","CBlock",217,127855.764667207
2459,6120,5,"RM","BrkTil",240,103255.179393388
2460,6240,6,"RM","BrkTil",528,136547.928201795
2461,6240,5,"RM","BrkTil",280,105144.076562124
2462,6240,5,"RM","BrkTil",230,103159.158605383
2463,6120,5,"RM","BrkTil",379,108873.443902363
2464,7755,6,"RM","CBlock",408,142847.641507718
2465,8850,6,"RL","PConc",576,179727.055846104
2466,8550,5,"RL","PConc",576,151336.888243706
2467,5700,7,"RM","BrkTil",456,154874.367066396
2468,5680,5,"RM","CBlock",240,108280.307102857
2469,5680,5,"RM","CBlock",216,107294.265060738
2470,13200,6,"RM","CBlock",658,170033.219936839
2471,9780,7,"RM","CBlock",299,167581.557026398
2472,10320,6,"RM","CBlock",720,167855.608866086
2473,4330,4,"RM","BrkTil",436,89457.0824279154
2474,10320,4,"RM","CBlock",264,101054.781091903
2475,12888,7,"RL","CBlock",498,204370.008320401
2476,4484,5,"RL","CBlock",240,113443.080519528
2477,11235,5,"RL","CBlock",308,133421.667600467
2478,11235,5,"RL","CBlock",572,147546.539916933
2479,14299,4,"RL","CBlock",440,123075.634538909
2480,14149,5,"RL","CBlock",528,150143.430947992
2481,11677,5,"RL","CBlock",264,131956.030091899
2482,8425,5,"RL","CBlock",576,141593.29343247
2483,8665,5,"RL","CBlock",264,126242.087921
2484,8398,5,"RL","CBlock",528,138960.027333014
2485,8169,5,"RL","CBlock",315,127599.255295928
2486,14175,5,"RL","CBlock",323,138895.72026202
2487,16779,5,"RL","CBlock",638,160583.974149797
2488,6960,7,"RL","BrkTil",224,158456.197854105
2489,11375,6,"RL","CBlock",494,169535.723251601
2490,13770,5,"RL","CBlock",303,137249.265005987
2491,9000,4,"RL","Slab",460,106626.346584674
2492,11075,6,"RL","PConc",552,184116.703404955
2493,17541,5,"RL","CBlock",576,157870.423557419
2494,22692,5,"RL","CBlock",649,168646.495975336
2495,17808,4,"RL","CBlock",336,122207.627474599
2496,12671,6,"RL","CBlock",527,174452.528496053
2497,10512,6,"RL","CBlock",332,157528.498911515
2498,5400,5,"RL","CBlock",399,123901.831268705
2499,11515,4,"RL","Slab",308,104371.683576498
2500,3869,5,"RL","CBlock",264,112006.818734923
2501,9280,5,"RL","CBlock",256,127144.811522702
2502,11100,5,"RL","PConc",253,139089.911389291
2503,7550,4,"RL","BrkTil",280,99330.8606752374
2504,23920,6,"RL","CBlock",515,190825.967771709
2505,9317,7,"RL","PConc",499,207791.1159479
2506,9178,8,"RL","PConc",870,282176.010769975
2507,10481,8,"RL","PConc",894,290434.434850979
2508,10235,8,"RL","PConc",870,286777.167925757
2509,11750,7,"RL","PConc",796,240848.495872837
2510,8760,8,"RL","PConc",674,260058.041496806
2511,7242,7,"RL","PConc",524,202082.932326721
2512,9316,7,"RL","PConc",578,214139.976090614
2513,8883,7,"RL","PConc",619,215982.134903029
2514,20064,8,"RL","CBlock",529,260927.233686406
2515,14217,5,"RL","PConc",747,174189.379070745
2516,10021,6,"RL","PConc",497,177641.217754635
2517,8428,5,"RL","PConc",384,140357.262716815
2518,16561,5,"RL","PConc",242,146980.077855762
2519,10820,7,"RL","PConc",597,220540.151029111
2520,12352,7,"RL","PConc",534,219579.709925794
2521,9543,7,"RL","PConc",517,209967.080374822
2522,8826,7,"RL","PConc",486,205109.65921982
2523,11800,5,"RL","CBlock",440,141331.708076896
2524,8660,5,"RL","CBlock",370,131435.976062863
2525,9720,5,"RL","CBlock",576,144629.47433385
2526,8982,5,"RL","CBlock",748,152630.448890665
2527,16300,5,"RL","CBlock",308,140996.204867376
2528,9675,5,"RL","CBlock",440,137228.487317106
2529,7200,5,"RL","CBlock",576,138330.301231965
2530,7200,4,"RL","CBlock",728,124060.400162919
2531,11354,7,"RL","PConc",583,220940.098548319
2532,8749,7,"RL","PConc",610,214757.552036465
2533,8158,7,"RL","PConc",542,207102.130681444
2534,11927,8,"RL","PConc",484,253224.155498615
2535,12728,8,"RL","PConc",560,263193.363524344
2536,15295,7,"RL","PConc",608,233138.538456895
2537,17227,8,"RL","PConc",482,267219.300884546
2538,8145,7,"RL","PConc",552,207843.859418387
2539,8769,7,"RL","PConc",578,212225.857981465
2540,8334,6,"RL","PConc",437,168939.821854037
2541,8333,7,"RL","PConc",484,203212.764043984
2542,9045,5,"RL","PConc",400,142704.138047953
2543,9825,5,"RL","CBlock",384,134637.319357639
2544,8308,4,"RL","CBlock",520,117064.424754356
2545,16287,5,"RL","CBlock",576,156142.393825927
2546,8240,6,"RL","CBlock",622,169696.545772574
2547,6285,6,"RL","CBlock",528,157274.733189747
2548,9555,5,"RL","Slab",579,133004.507637061
2549,7023,5,"RL","PConc",489,142188.44976478
2550,39290,10,"RL","PConc",1154,544673.01612031
2551,3675,6,"RM","PConc",525,142583.62860767
2552,6400,5,"RL","CBlock",392,126726.56356038
2553,6882,4,"RL","PConc",0,99577.6357165196
2554,8741,5,"RL","CBlock",0,114304.745005895
2555,10042,6,"RL","BrkTil",216,141176.701851549
2556,8172,4,"RL","CBlock",355,109659.719801605
2557,8172,4,"RL","CBlock",528,117134.713762219
2558,10890,5,"RL","PConc",0,125945.613836675
2559,7223,5,"RL","PConc",352,135517.325922577
2560,6821,6,"RL","BrkTil",240,134527.654012974
2561,4000,7,"RL","BrkTil",216,145509.442154806
2562,6720,6,"RL","BrkTil",228,133617.621052902
2563,7155,6,"RL","BrkTil",225,134712.891052778
2564,7230,7,"RL","BrkTil",264,161801.856144983
2565,13108,5,"RL","CBlock",400,141381.437083472
2566,7810,4,"RL","BrkTil",231,97983.8667359027
2567,6221,5,"RL","CBlock",528,132908.602487375
2568,25485,6,"RL","CBlock",580,197461.144167312
2569,21579,6,"RL","PConc",552,203272.336516552
2570,1782,6,"RM","CBlock",462,117231.155565456
2571,17871,4,"RL","PConc",628,145752.733022045
2572,3907,8,"RM","CBlock",509,187199.861233441
2573,20693,7,"RL","CBlock",625,230119.930147846
2574,18044,8,"RL","CBlock",691,273211.331772826
2575,7000,6,"RM","BrkTil",720,149442.885274763
2576,7288,5,"RM","BrkTil",0,96702.5952113185
2578,3672,5,"RM","BrkTil",100,90743.8744935531
2579,11067,2,"RM","BrkTil",256,68769.7941084422
2580,8250,5,"C (all)","CBlock",0,91137.3372488679
2581,6565,4,"C (all)","CBlock",720,98110.7424363373
2582,6060,5,"C (all)","BrkTil",216,89151.0769543752
2583,5568,8,"RM","PConc",495,209300.740267365
2584,12150,6,"RL","CBlock",486,170680.686845984
2585,10000,5,"RL","PConc",650,159327.209457195
2586,12864,7,"RL","PConc",576,224472.021193483
2587,9928,7,"RL","PConc",506,210319.257092365
2588,8750,7,"RL","CBlock",360,183070.214705449
2589,8410,6,"RL","CBlock",528,164220.81123342
2590,4054,7,"RL","BrkTil",512,163213.202689319
2591,19958,6,"RL","CBlock",461,181982.125806798
2592,8368,7,"RL","PConc",433,199424.506119917
2593,8298,8,"RL","PConc",502,241604.910206354
2594,10331,7,"RL","CBlock",528,200047.015515516
2595,6718,8,"RL","PConc",471,231399.386413667
2596,11305,8,"RL","PConc",692,271948.093451289
2597,7777,6,"RL","PConc",571,175977.349985751
2598,11800,7,"RL","PConc",452,211383.791428133
2599,12633,10,"RL","PConc",932,422927.319005796
2600,43500,3,"RL","CBlock",1041,154494.291154959
2601,6710,6,"RM","PConc",460,152092.172823935
2602,1504,4,"RM","CBlock",253,75617.543478189
2603,1533,4,"RM","CBlock",297,77114.6849907026
2604,1495,4,"RM","CBlock",0,68604.729951584
2605,1890,4,"RM","CBlock",286,79214.9574096625
2606,9129,5,"RL","PConc",678,158873.881526357
2607,15957,6,"RL","PConc",528,192599.468887094
2608,33983,5,"RL","PConc",672,192647.215642728
2609,8286,5,"RL","PConc",531,148072.466906264
2610,6723,5,"RL","CBlock",0,109938.230955689
2611,27697,4,"RL","CBlock",444,135968.840418085
2612,11000,5,"RL","PConc",502,152732.68814307
2613,11625,5,"RL","CBlock",264,131868.669763693
2614,10447,5,"RL","CBlock",288,130987.351319154
2615,11027,6,"RL","CBlock",452,166075.75074193
2616,10533,6,"RL","CBlock",313,156438.079777705
2617,11765,5,"RL","CBlock",963,172435.153735561
2618,39384,6,"RL","CBlock",550,208240.544601083
2619,11727,7,"RL","CBlock",506,202142.641654605
2620,8238,6,"RL","PConc",400,166287.808818975
2621,13041,6,"RL","PConc",423,179584.517185365
2622,9783,6,"RL","PConc",443,173402.588103042
2623,13128,8,"RL","PConc",527,261099.565393033
2624,13751,7,"RL","PConc",773,244382.793657172
2625,13108,8,"RL","PConc",618,270253.96514679
2626,8076,6,"RL","PConc",402,165924.915830291
2627,3701,8,"RL","CBlock",461,197849.055047369
2628,16023,9,"RL","PConc",670,335557.283359582
2629,18062,10,"RL","PConc",758,417349.366849286
2630,12292,9,"RL","PConc",675,323230.386079161
2631,16052,10,"RL","PConc",736,406682.186921798
2632,15922,9,"RL","PConc",660,333967.16570876
2633,8147,9,"RL","PConc",517,286319.994434442
2634,18261,9,"RL","PConc",722,348979.678629928
2635,10464,6,"RL","CBlock",582,173160.687815018
2636,10530,7,"RL","CBlock",482,197127.281156714
2637,9927,7,"RL","CBlock",596,204088.326046406
2638,9512,7,"FV","PConc",541,210662.027210107
2639,10530,6,"RL","CBlock",485,167030.994843504
2640,10000,6,"RL","CBlock",462,164309.101389503
2641,7200,4,"RL","CBlock",576,117076.852211973
2642,8773,6,"RH","PConc",543,177906.098352776
2643,2760,6,"RM","CBlock",440,124049.317550544
2644,2160,5,"RM","CBlock",440,101239.920197014
2645,1890,6,"RM","CBlock",264,109662.432521439
2646,1680,6,"RM","CBlock",264,107762.496469879
2647,1680,6,"RM","CBlock",264,107762.496469879
2648,4043,6,"RL","CBlock",440,142449.438449118
2649,7514,5,"RL","CBlock",300,125308.065135913
2650,2280,7,"RL","CBlock",319,147626.131899027
2651,2179,6,"RL","CBlock",460,130959.890038422
2652,16387,9,"RL","PConc",831,357986.174745296
2653,16163,8,"RL","PConc",880,308066.507073682
2654,12228,7,"RL","PConc",874,249589.174116638
2655,14780,9,"RL","PConc",1085,388384.765720341
2656,13975,9,"RL","PConc",670,328816.670104793
2657,9942,9,"RL","PConc",521,295355.814917982
2658,12867,8,"RL","PConc",575,265129.460987001
2659,10672,8,"RL","PConc",672,267585.102223554
2660,11643,8,"RL","PConc",784,282887.79650774
2661,13758,9,"RL","PConc",925,361541.481009544
2662,14828,9,"RL","PConc",816,350704.0376508
2663,13215,8,"RL","PConc",746,284109.10439319
2664,5911,9,"RL","PConc",556,277097.34539172
2665,7740,9,"RL","PConc",899,328689.291801106
2666,6373,9,"RL","PConc",575,282245.658811683
2667,10237,6,"RL","PConc",390,171082.347694508
2668,10237,7,"RL","PConc",440,206029.07208717
2669,11660,6,"RL","PConc",427,176895.89066679
2670,11631,8,"RL","PConc",632,266922.767931466
2671,9073,7,"RL","PConc",440,202371.772520257
2672,3087,7,"RL","PConc",437,172257.311932333
2673,2938,7,"RL","PConc",398,168474.267819236
2674,3072,7,"RM","PConc",388,155699.512876065
2675,3010,7,"RL","PConc",440,171809.229953953
2676,9171,7,"RL","PConc",433,202154.531843712
2677,8658,6,"RL","PConc",431,169510.513588779
2678,12104,7,"RL","PConc",617,225956.602741087
2679,9660,8,"RL","PConc",885,285957.598263567
2680,9545,8,"RL","PConc",768,272999.366223241
2681,9233,9,"RL","PConc",774,321706.267243591
2682,10019,8,"RL","PConc",725,270499.620622466
2683,17242,9,"RL","PConc",959,378732.841103461
2684,10236,8,"RL","PConc",803,279550.105758533
2685,12585,8,"RL","PConc",704,277577.741374685
2686,12447,8,"RL","PConc",760,283102.925437735
2687,15218,8,"RL","PConc",928,310962.513753757
2688,10936,8,"RL","PConc",510,252475.442427006
2689,8640,8,"FV","PConc",584,249433.3590533
2690,13162,9,"FV","PConc",792,339593.275508212
2691,8125,6,"FV","PConc",615,179156.794950711
2692,7733,6,"RL","PConc",0,141438.478030534
2693,11024,7,"RL","PConc",612,222420.318707123
2694,13072,6,"RL","PConc",0,152896.769302702
2695,7800,7,"RL","PConc",462,199548.955527606
2696,7632,7,"RL","PConc",449,197922.093532675
2697,8304,6,"RL","PConc",688,185801.954757778
2698,9370,6,"RL","PConc",462,173548.649865885
2699,7175,6,"RL","PConc",542,171974.520224422
2700,7175,6,"RL","PConc",484,168214.242212186
2701,9019,6,"RL","PConc",472,173227.266772236
2702,9100,5,"RL","CBlock",624,145866.400156244
2703,8927,6,"RM","CBlock",528,152688.99069706
2704,9240,5,"RL","CBlock",576,143546.69567333
2705,9308,5,"RL","CBlock",310,129847.014799834
2706,8450,5,"RL","CBlock",294,127218.781685193
2707,8638,5,"RL","PConc",484,146344.013314518
2708,13052,5,"RL","CBlock",308,136422.741984792
2709,8020,5,"RL","CBlock",0,112853.920819174
2710,8789,5,"RL","CBlock",288,127671.159481553
2711,14330,7,"RL","CBlock",550,211767.808615409
2712,11025,8,"RL","PConc",888,291954.880254139
2713,3628,7,"FV","PConc",588,185888.409927613
2714,2544,7,"FV","PConc",480,169239.013148941
2715,2998,6,"FV","PConc",440,144548.815869592
2716,4447,7,"FV","PConc",496,184986.376697713
2717,8314,7,"FV","PConc",434,198243.346400502
2718,7180,8,"FV","PConc",564,240832.568539993
2719,13110,5,"RL","CBlock",501,146933.831547734
2720,10140,7,"RL","CBlock",477,195653.197391263
2721,9600,5,"RL","CBlock",504,140455.050774595
2722,8640,5,"RL","CBlock",530,139653.465822861
2723,9360,6,"RL","CBlock",504,165330.16687237
2724,8400,5,"RL","CBlock",326,128666.674339866
2725,9759,5,"RL","CBlock",264,128489.089579964
2726,9600,5,"RL","PConc",568,153491.724849029
2727,8800,6,"RL","PConc",299,161582.251671111
2728,10368,6,"RL","CBlock",430,163189.877968846
2729,9350,5,"RL","CBlock",480,138632.151565722
2730,10800,5,"RL","CBlock",286,131534.532538633
2731,8550,6,"RL","CBlock",240,147508.311510226
2732,9724,5,"RL","CBlock",273,128861.915099244
2733,9600,5,"RL","CBlock",441,137122.371618176
2734,10858,5,"RL","CBlock",240,129351.086636853
2735,9600,5,"RL","CBlock",280,128960.382339282
2736,9462,5,"RL","CBlock",234,126446.953515188
2737,9888,5,"RL","CBlock",240,127567.351435247
2738,8917,5,"RL","CBlock",506,139031.228117592
2739,12700,6,"RL","CBlock",441,168883.847568971
2740,9723,6,"RL","CBlock",430,161641.950262202
2741,8400,5,"RL","CBlock",331,128912.128094186
2742,9610,6,"RL","CBlock",488,164968.905400962
2743,10000,5,"RL","CBlock",300,130736.781938211
2744,10152,6,"RL","CBlock",353,157975.548922714
2745,8092,6,"RL","CBlock",286,148896.142240629
2746,12778,5,"RL","CBlock",280,134550.217230597
2747,10170,6,"RL","CBlock",400,160873.47029021
2748,7700,5,"RL","CBlock",684,145586.903460882
2749,11050,5,"RL","CBlock",319,133652.577791844
2750,13600,5,"RL","CBlock",300,136839.937823255
2751,15428,5,"RL","CBlock",270,137839.526158371
2752,21299,7,"RL","CBlock",791,246203.401550689
2753,13300,5,"RL","CBlock",896,171173.884624601
2754,22136,5,"RL","CBlock",1008,192667.156328937
2755,7500,6,"RL","CBlock",649,169074.739820094
2756,10410,3,"RL","PConc",371,103228.834099533
2757,10914,3,"RL","CBlock",660,108826.831463912
2758,7008,4,"RL","BrkTil",280,98238.9116082477
2759,7200,6,"RL","CBlock",528,160478.800300209
2760,10818,4,"RL","BrkTil",648,120553.742232654
2761,10184,6,"RL","CBlock",294,154534.623564006
2762,9510,6,"RL","CBlock",264,151233.134326483
2763,10800,6,"RL","CBlock",418,163432.115963604
2764,11650,7,"RL","Slab",484,184419.896506062
2765,18275,7,"RL","CBlock",441,210613.925397103
2766,12144,4,"RL","CBlock",597,127536.637851469
2767,8544,3,"RL","Slab",400,87525.6034548489
2768,8512,5,"RL","CBlock",0,113855.354952102
2769,7000,5,"RL","CBlock",288,123431.579625849
2770,7400,7,"RL","CBlock",528,190383.634032077
2771,7000,5,"RL","CBlock",336,125710.694595513
2772,7000,5,"RL","CBlock",0,110598.860505822
2773,9856,5,"RM","PConc",624,145072.850263389
2774,9600,5,"RM","CBlock",240,117049.525778395
2775,5520,4,"RM","PConc",162,94471.9159692976
2776,9600,6,"RM","BrkTil",400,138629.821784471
2777,6451,7,"RM","Stone",576,175997.876920566
2778,3960,7,"RM","BrkTil",200,133085.218862701
2779,7745,4,"RM","PConc",576,116321.81195784
2780,7741,6,"RM","BrkTil",280,128269.002843459
2781,5633,5,"RM","BrkTil",216,101063.726869969
2782,7200,4,"RM","CBlock",528,105940.022426087
2783,7614,3,"RM","BrkTil",216,75704.5975631156
2784,6000,5,"RM","CBlock",576,124080.35610914
2785,6000,5,"RM","PConc",450,126124.065407943
2786,7830,3,"RM","BrkTil",200,75557.2796470672
2787,9576,6,"RM","CBlock",378,145713.305698897
2788,5747,3,"RM","PConc",250,83180.4053865058
2789,6300,7,"RM","BrkTil",432,155760.094341483
2790,5976,5,"RM","PConc",0,106180.922796135
2791,9750,5,"RM","CBlock",624,135811.422917161
2792,4761,3,"C (all)","BrkTil",0,56745.3677381124
2793,11737,6,"RL","BrkTil",240,145809.926810405
2794,6120,3,"RM","CBlock",258,78966.8373063785
2795,6120,5,"RM","BrkTil",180,100920.506552837
2796,11672,5,"RL","BrkTil",210,121903.652312568
2797,33120,6,"RM","CBlock",576,188904.118980631
2798,10320,4,"RM","BrkTil",370,99233.5218959239
2799,7518,5,"RM","BrkTil",390,112720.050807951
2800,9000,5,"RM","BrkTil",0,99778.092706068
2801,7200,6,"RM","BrkTil",308,128259.044836009
2802,12375,5,"RL","CBlock",288,134320.89032765
2803,11136,6,"RL","CBlock",576,174368.129494669
2804,21370,5,"RL","Slab",394,139673.062160396
2805,8250,5,"RL","Slab",260,115237.945165139
2806,5220,5,"RL","BrkTil",180,106953.237548339
2807,5500,7,"RL","PConc",246,174493.036129954
2808,11327,5,"RL","CBlock",528,145268.282848112
2809,10366,6,"RL","CBlock",336,157441.778883362
2810,9000,5,"RL","CBlock",286,128023.746384667
2811,9535,5,"RL","CBlock",512,140742.049537086
2812,7176,6,"RL","CBlock",616,165870.844922837
2813,9662,5,"RL","CBlock",580,144721.576280545
2814,8235,5,"RL","CBlock",586,141653.773182611
2815,17529,5,"RL","BrkTil",322,135133.700512312
2816,20355,7,"RL","CBlock",521,220636.182984879
2817,13050,5,"RL","CBlock",575,151034.507893715
2818,10820,5,"RL","PConc",576,156717.95230084
2819,1700,7,"RL","PConc",450,158447.409300948
2820,9375,4,"RL","CBlock",504,118457.543919988
2821,6488,5,"RL","BrkTil",215,111944.126767358
2822,19950,6,"RL","PConc",795,220417.671497327
2823,19800,6,"RL","BrkTil",836,197764.549026098
2824,11679,5,"RL","CBlock",528,145929.449036927
2825,12048,5,"RL","Slab",569,137135.824019188
2826,10519,5,"RL","CBlock",288,131120.914654403
2827,9525,6,"RL","CBlock",305,153651.099937619
2828,12128,6,"RL","CBlock",506,171940.584224606
2829,9069,6,"RL","PConc",920,205652.79863897
2830,11003,7,"RL","PConc",848,243287.119670568
2831,7488,7,"RL","PConc",632,211621.922686273
2832,13377,6,"RL","PConc",495,185279.395398722
2833,11645,8,"RL","PConc",754,279678.492268185
2834,10984,7,"RL","PConc",638,224514.429196255
2835,9316,7,"RL","PConc",576,213976.790466076
2836,9316,7,"RL","PConc",610,216767.93608143
2837,12000,6,"RL","CBlock",522,172720.265987753
2838,13015,5,"RL","PConc",462,154223.329032662
2839,12438,6,"RL","PConc",473,181758.646190246
2840,8685,7,"RL","PConc",591,212975.693021087
2841,9272,7,"RL","PConc",515,208912.111347985
2842,13426,7,"RL","PConc",586,226763.529604556
2843,8340,6,"RL","CBlock",317,151342.374096725
2844,10385,6,"RL","CBlock",672,179002.695617538
2845,7200,5,"RL","CBlock",297,124374.55840435
2846,9930,7,"RL","PConc",591,217251.584941274
2847,9468,6,"RL","PConc",530,178380.954877642
2848,11088,8,"RL","PConc",418,244274.95786321
2849,8726,7,"RL","PConc",529,208146.943823489
2850,10566,8,"RL","PConc",646,264554.164859736
2851,21533,7,"RL","PConc",467,232442.807348796
2852,11250,7,"RL","PConc",555,218296.319777252
2853,11250,7,"RL","PConc",610,222921.078709797
2854,4435,6,"RM","PConc",420,140864.469338984
2855,8810,7,"RL","PConc",545,209718.173908697
2856,8581,7,"RL","PConc",578,211544.471530457
2857,8400,7,"RL","PConc",572,210394.607463447
2858,8772,7,"RL","PConc",502,206176.551200588
2859,8777,4,"RL","CBlock",528,118382.679680017
2860,7840,6,"RL","CBlock",0,132892.392357897
2861,16133,5,"RL","CBlock",360,143599.153350381
2862,7162,7,"RL","PConc",616,208950.548518043
2863,8050,6,"RL","PConc",0,142284.163319953
2864,11060,7,"RL","PConc",502,213390.517014225
2865,3675,6,"RM","PConc",525,142583.62860767
2866,2522,7,"RM","PConc",380,150747.437397276
2867,6956,4,"RL","CBlock",265,103458.511781272
2868,7822,6,"RL","BrkTil",528,153218.632629324
2869,8707,4,"RL","BrkTil",288,101764.596265524
2870,16012,4,"RL","CBlock",609,133487.316544513
2871,8248,4,"RL","BrkTil",0,90454.6914880685
2872,8088,2,"RL","BrkTil",216,70150.8392167006
2873,11388,4,"RL","BrkTil",275,105376.35433509
2874,10890,5,"RL","BrkTil",240,122043.31068149
2875,6430,6,"RH","CBlock",440,153166.785821701
2876,7000,7,"RL","BrkTil",312,164000.844627639
2877,4899,6,"RL","PConc",216,143518.706609038
2878,9399,7,"RL","BrkTil",288,169771.143380625
2879,10164,5,"RL","CBlock",240,128089.53555535
2880,6191,5,"RL","CBlock",240,119005.200237521
2881,21780,6,"RL","PConc",318,186182.691614979
2882,12400,5,"RL","CBlock",410,140756.852143025
2883,8170,7,"RL","BrkTil",451,176936.059188249
2884,12320,7,"RL","BrkTil",579,197458.392132156
2885,14210,6,"RL","PConc",365,177909.765555894
2886,15600,5,"RL","CBlock",342,141908.08707774
2887,7288,5,"RM","CBlock",215,111294.847174905
2888,7000,6,"RM","PConc",506,155757.28245521
2889,8534,4,"RM","BrkTil",0,83784.3178751608
2890,7030,4,"RM","BrkTil",272,90301.7500176546
2891,9060,6,"RM","CBlock",384,144851.477512032
2892,12366,3,"C (all)","Slab",0,63841.386751513
2893,9000,5,"C (all)","CBlock",0,92321.6515178958
2894,8520,3,"C (all)","PConc",0,69957.1382061509
2895,5748,8,"RM","PConc",495,210291.18550569
2896,3842,8,"RM","PConc",525,200366.934251204
2897,23580,6,"RL","CBlock",576,194900.465797278
2898,8385,6,"RL","CBlock",616,169747.699722587
2899,9116,8,"RL","PConc",490,243880.981412983
2900,11080,6,"RL","CBlock",528,171078.836472658
2901,50102,6,"RL","CBlock",518,213196.164179611
2902,8098,6,"RL","Wood",470,154996.298114166
2903,13618,8,"RL","PConc",714,281918.583126793
2904,11577,9,"RL","PConc",682,321224.777545797
2906,7020,7,"RM","PConc",784,204690.994512276
2907,2665,5,"RM","PConc",336,107060.116113339
2908,10172,5,"RL","CBlock",288,130469.888789668
2909,11836,5,"RL","CBlock",928,170301.952263264
2910,1470,4,"RM","CBlock",0,68433.2732944859
2911,1484,4,"RM","CBlock",253,75467.4834148846
2912,13384,5,"RL","PConc",336,147602.471429525
2913,1533,4,"RM","CBlock",286,76792.0293200175
2914,1526,4,"RM","CBlock",0,68813.9771677561
2915,1936,4,"RM","CBlock",0,71287.3216494288
2916,1894,4,"RM","CBlock",286,79239.8117528287
2917,20000,5,"RL","CBlock",576,160973.751600453
2918,10441,5,"RL","PConc",0,125161.201673013
2919,9627,7,"RL","PConc",650,221173.372380185
